{
  "project_info": {
    "project_number": "922498078551",
    "firebase_url": "https://lms-try-3fdf2-default-rtdb.firebaseio.com",
    "project_id": "lms-try-3fdf2",
    "storage_bucket": "lms-try-3fdf2.appspot.com"
  },
  "client": [
    {
      "client_info": {
        "mobilesdk_app_id": "1:922498078551:android:320f020b1a17c9143a1012",
        "android_client_info": {
          "package_name": "com.example.androidtryy"
        }
      },
      "oauth_client": [],
      "api_key": [
        {
          "current_key": "AIzaSyDxK9HbtKCcNLbbO17YK_O2G8OkkCPnQo8"
        }
      ],
      "services": {
        "appinvite_service": {
          "other_platform_oauth_client": []
        }
      }
    }
  ],
  "configuration_version": "1"
}